{
  "locations": {
    "MrHarringtonNametag": {
      "x": 20.246035931260906,
      "y": 15.1185,
      "z": 0.0,
      "rotation": {
        "storage": {
          "q0": 1.0,
          "q1": 0.0,
          "q2": 0.0,
          "q3": 0.0
        }
      }
    },
    "servoBase": {
      "x": 58.34961293604742,
      "y": 57.04961682313259,
      "z": 0.0,
      "rotation": {
        "storage": {
          "q0": 1.0,
          "q1": 0.0,
          "q2": 0.0,
          "q3": 0.0
        }
      }
    },
    "MrHarringtonNametag transformed by[X=0.0 Y=-15.1185 Z=0.0 Qx=0.0 Qy=0.0 Qz=0.0 Qw=1.0] transformed by[X=0.0 Y=0.0 Z=7.399999999999999 Qx=0.0 Qy=0.0 Qz=0.0 Qw=1.0] transformed by[X=5.0 Y=0.0 Z=0.0 Qx=0.0 Qy=0.0 Qz=0.0 Qw=1.0]": {
      "x": 15.0,
      "y": 61.66807428338048,
      "z": 0.0,
      "rotation": {
        "storage": {
          "q0": 1.0,
          "q1": 0.0,
          "q2": 0.0,
          "q3": 0.0
        }
      }
    }
  },
  "bedX": 240.0,
  "bedY": 200.0
}