{
  "locations": {
    "MrHarringtonNametag": {
      "x": 20.246035931260906,
      "y": 2.1928383741241575,
      "z": 0.0,
      "rotation": {
        "storage": {
          "q0": 1.0,
          "q1": 0.0,
          "q2": 0.0,
          "q3": 0.0
        }
      }
    }
  },
  "bedX": 240.0,
  "bedY": 200.0
}