{
  "locations": {
    "MrHarringtonNametag": {
      "x": 20.246035931260906,
      "y": 2.1928383741241575,
      "z": 0.0,
      "rotation": {
        "storage": {
          "q0": 1.0,
          "q1": 0.0,
          "q2": 0.0,
          "q3": 0.0
        }
      }
    },
    "servoBase": {
      "x": 59.51372020057862,
      "y": 22.750000000000014,
      "z": 0.0,
      "rotation": {
        "storage": {
          "q0": 1.0,
          "q1": 0.0,
          "q2": 0.0,
          "q3": 0.0
        }
      }
    },
    "MrHarringtonNametag transformed by[X=0.0 Y=-15.1185 Z=0.0 Qx=0.0 Qy=0.0 Qz=0.0 Qw=1.0] transformed by[X=0.0 Y=0.0 Z=7.399999999999999 Qx=0.0 Qy=0.0 Qz=0.0 Qw=1.0] transformed by[X=5.0 Y=0.0 Z=0.0 Qx=0.0 Qy=0.0 Qz=0.0 Qw=1.0]": {
      "x": 15.0,
      "y": 73.75364117454956,
      "z": 0.0,
      "rotation": {
        "storage": {
          "q0": 1.0,
          "q1": 0.0,
          "q2": 0.0,
          "q3": 0.0
        }
      }
    }
  },
  "bedX": 240.0,
  "bedY": 200.0
}